value,name,label
NL,Netherlands,Netherlands
AF,Afghanistan,Afghanistan
AL,Albania,Albania
DZ,Algeria,Algeria
AD,Andorra,Andorra
AO,Angola,Angola
AG,Antigua_and_Barbuda,Antigua_and_Barbuda
AR,Argentina,Argentina
AM,Armenia,Armenia
AU,Australia,Australia
AT,Austria,Austria
AZ,Azerbaijan,Azerbaijan
BS,Bahamas,Bahamas
BH,Bahrain,Bahrain
BD,Bangladesh,Bangladesh
BB,Barbados,Barbados
BY,Belarus,Belarus
BE,Belgium,Belgium
BJ,Benin,Benin
BM,Bermuda,Bermuda
BT,Bhutan,Bhutan
BO,Bolivia,Bolivia
BA,Bosnia_and_Herzegovina,Bosnia_and_Herzegovina
BR,Brazil,Brazil
BN,Brunei_Darussalam,Brunei_Darussalam
BG,Bulgaria,Bulgaria
BF,Burkina_Faso,Burkina_Faso
KH,Cambodia,Cambodia
CM,Cameroon,Cameroon
CA,Canada,Canada
CA,CANADA,CANADA
CV,Cape_Verde,Cape_Verde
JPG11668,Cases_on_an_international_conveyance_Japan,Cases_on_an_international_conveyance_Japan
KY,Cayman_Islands,Cayman_Islands
CF,Central_African_Republic,Central_African_Republic
TD,Chad,Chad
CL,Chile,Chile
CN,China,China
CO,Colombia,Colombia
CG,Congo,Congo
CR,Costa_Rica,Costa_Rica
CI,Cote_dIvoire,Cote_dIvoire
HR,Croatia,Croatia
CU,Cuba,Cuba
CY,Cyprus,Cyprus
CZ,Czech_Republic,Czech_Republic
CD,Democratic_Republic_of_the_Congo,Democratic_Republic_of_the_Congo
DK,Denmark,Denmark
DJ,Djibouti,Djibouti
DO,Dominican_Republic,Dominican_Republic
EC,Ecuador,Ecuador
EG,Egypt,Egypt
SV,El_Salvador,El_Salvador
GQ,Equatorial_Guinea,Equatorial_Guinea
ER,Eritrea,Eritrea
EE,Estonia,Estonia
SZ,Eswatini,Eswatini
ET,Ethiopia,Ethiopia
FO,Faroe_Islands,Faroe_Islands
FJ,Fiji,Fiji
FI,Finland,Finland
FR,France,France
PYF,French_Polynesia,French_Polynesia
GA,Gabon,Gabon
GM,Gambia,Gambia
GE,Georgia,Georgia
DE,Germany,Germany
GH,Ghana,Ghana
GI,Gibraltar,Gibraltar
EL,Greece,Greece
GL,Greenland,Greenland
GU,Guam,Guam
GT,Guatemala,Guatemala
GG,Guernsey,Guernsey
GN,Guinea,Guinea
GY,Guyana,Guyana
HT,Haiti,Haiti
VA,Holy_See,Holy_See
HN,Honduras,Honduras
HU,Hungary,Hungary
IS,Iceland,Iceland
IN,India,India
ID,Indonesia,Indonesia
IR,Iran,Iran
IQ,Iraq,Iraq
IE,Ireland,Ireland
IM,Isle_of_Man,Isle_of_Man
IL,Israel,Israel
IT,Italy,Italy
JM,Jamaica,Jamaica
JP,Japan,Japan
JE,Jersey,Jersey
JO,Jordan,Jordan
KZ,Kazakhstan,Kazakhstan
KE,Kenya,Kenya
XK,Kosovo,Kosovo
KW,Kuwait,Kuwait
KG,Kyrgyzstan,Kyrgyzstan
LV,Latvia,Latvia
LB,Lebanon,Lebanon
LR,Liberia,Liberia
LI,Liechtenstein,Liechtenstein
LT,Lithuania,Lithuania
LU,Luxembourg,Luxembourg
MG,Madagascar,Madagascar
MY,Malaysia,Malaysia
MV,Maldives,Maldives
MT,Malta,Malta
MR,Mauritania,Mauritania
MU,Mauritius,Mauritius
MX,Mexico,Mexico
MD,Moldova,Moldova
MC,Monaco,Monaco
MN,Mongolia,Mongolia
ME,Montenegro,Montenegro
MS,Montserrat,Montserrat
MA,Morocco,Morocco
MM,Myanmar,Myanmar
NA,Namibia,Namibia
NP,Nepal,Nepal
NL,Netherlands,Netherlands
AN,Netherlands_Antilles,Netherlands_Antilles
NC,New_Caledonia,New_Caledonia
NZ,New_Zealand,New_Zealand
NI,Nicaragua,Nicaragua
NE,Niger,Niger
NG,Nigeria,Nigeria
MK,North_Macedonia,North_Macedonia
NO,Norway,Norway
OM,Oman,Oman
PK,Pakistan,Pakistan
PS,Palestine,Palestine
PA,Panama,Panama
PG,Papua_New_Guinea,Papua_New_Guinea
PY,Paraguay,Paraguay
PE,Peru,Peru
PH,Philippines,Philippines
PL,Poland,Poland
PT,Portugal,Portugal
QA,Qatar,Qatar
RO,Romania,Romania
RU,Russia,Russia
RW,Rwanda,Rwanda
LC,Saint_Lucia,Saint_Lucia
VC,Saint_Vincent_and_the_Grenadines,Saint_Vincent_and_the_Grenadines
SM,San_Marino,San_Marino
SA,Saudi_Arabia,Saudi_Arabia
SN,Senegal,Senegal
RS,Serbia,Serbia
SC,Seychelles,Seychelles
SG,Singapore,Singapore
SK,Slovakia,Slovakia
SI,Slovenia,Slovenia
SO,Somalia,Somalia
ZA,South_Africa,South_Africa
KR,South_Korea,South_Korea
ES,Spain,Spain
LK,Sri_Lanka,Sri_Lanka
SD,Sudan,Sudan
SR,Suriname,Suriname
SE,Sweden,Sweden
CH,Switzerland,Switzerland
TW,Taiwan,Taiwan
TH,Thailand,Thailand
TL,Timor_Leste,Timor_Leste
TG,Togo,Togo
TT,Trinidad_and_Tobago,Trinidad_and_Tobago
TN,Tunisia,Tunisia
TR,Turkey,Turkey
UG,Uganda,Uganda
UA,Ukraine,Ukraine
AE,United_Arab_Emirates,United_Arab_Emirates
UK,United_Kingdom,United_Kingdom
TZ,United_Republic_of_Tanzania,United_Republic_of_Tanzania
US,United_States_of_America,United_States_of_America
UY,Uruguay,Uruguay
UZ,Uzbekistan,Uzbekistan
VE,Venezuela,Venezuela
VN,Vietnam,Vietnam
ZM,Zambia,Zambia
ZW,Zimbabwe,Zimbabwe